ID,Local_ID,Language_ID,Parameter_ID,Value,Form,Segments,Comment,Source,Cognacy,Loan
Achagua-1_i-1,,Achagua,1_i,nujá,nuja,n u j a,,melendez_lozano_diccionario_2011,,
Baniwa-1_i-1,,Baniwa,1_i,nhóa,nhóa,ɲ ó/o a,,ramirez_dicionario_2001,,
Kabiyari-1_i-1,,Kabiyari,1_i,nhú,nhú,ɲ ú/u,,Chacon2017,,
Kabiyari-1_i-2,,Kabiyari,1_i,nu-,nu-,n u,,Chacon2017,,
Piapoco-1_i-1,,Piapoco,1_i,núa,núa,n ú/u a,,Chacon2017,,
Resigaro-1_i-1,,Resigaro,1_i,ó,ó,ó/o,,Chacon2017,,
Tariana-1_i-1,,Tariana,1_i,nuha,nuha,n u h a,,Chacon2017,,
Yukuna-1_i-1,,Yukuna,1_i,nuká,nuká,n u k á/a,,schauer_diccionario_2005,,
Achagua-2_all-1,,Achagua,2_all,kinínama,kininama,k i n i n a m a,,melendez_lozano_diccionario_2011,,
Baniwa-2_all-1,,Baniwa,2_all,phálhai,phálhai,pʰ á/a ʎ a i,,ramirez_dicionario_2001,,
Kabiyari-2_all-1,,Kabiyari,2_all,put'i,put'i,p u t ʔ i,,Chacon2017,,
Piapoco-2_all-1,,Piapoco,2_all,canánama,kanánama,k a n á/a n a m a,,Chacon2017,,
Piapoco-2_all-2,,Piapoco,2_all,macáita,makáita,m a k á/a i t a,,Chacon2017,,
Resigaro-2_all-1,,Resigaro,2_all,phé?tó?,phé?tó?,pʰ é/e ʔ t ó/o ʔ,,huber_vocabulario_1991,,
Yukuna-2_all-1,,Yukuna,2_all,piyukeja,pijukeha,p i j u k e h a,,Chacon2017,,
Achagua-3_ash-1,,Achagua,3_ash,báali,ba:li,b a: l i,,melendez_lozano_diccionario_2011,,
Baniwa-3_ash-1,,Baniwa,3_ash,-wádzole,-wádzole,w á/a dz o l e,,ramirez_dicionario_2001,,
Kabiyari-3_ash-1,,Kabiyari,3_ash,pa'ari,pa'ari,p a ʔ a r i,,ramirez_dicionario_2001,,
Piapoco-3_ash-1,,Piapoco,3_ash,balìi,balìi,b a l ì/i i,,Chacon2017,,
Piapoco-3_ash-2,,Piapoco,3_ash,ibalìiná,ibalìiná,i b a l ì/i i n á/a,,Chacon2017,,
Resigaro-3_ash-1,,Resigaro,3_ash,ókóniigiJíhú,ókóniigiJíhú,ó/o k ó/o n ii g i ʒ í/i h ú/u,,Chacon2017,,
Yukuna-3_ash-1,,Yukuna,3_ash,pai'ilá,paiʔilá,p a i ʔ i l á/a,,Chacon2017,,
Achagua-4_bark-1,,Achagua,4_bark,íimanaʃi,i:manaʃi,i: m a n a ʃ i,,melendez_lozano_diccionario_2011,,
Baniwa-4_bark-1,,Baniwa,4_bark,-ya,-ya,y a,,ramirez_dicionario_2001,,
Resigaro-4_bark-1,,Resigaro,4_bark,da?mí,daʔmí,d a ʔ m í/i,,Chacon2017,,
Yukuna-4_bark-1,,Yukuna,4_bark,ímaji,ímahi,í/i m a h i,,Chacon2017,,
Achagua-5_belly-1,,Achagua,5_belly,jawaiʃi,jawaiʃi,j a w a i ʃ i,,melendez_lozano_diccionario_2011,,
Baniwa-5_belly-1,,Baniwa,5_belly,-xáda,-xáda,ʃ á/a d a,,ramirez_dicionario_2001,,
Kabiyari-5_belly-1,,Kabiyari,5_belly,te[re],te[re],t e r e,,Chacon2017,,
Piapoco-5_belly-1,,Piapoco,5_belly,dèe,dèe,d è/e e,,Chacon2017,,
Resigaro-5_belly-1,,Resigaro,5_belly,-ii?šáú,-ii?šáú,ii ʔ ʃ á/a ú/u,,allin_vocabulario_1979,,
Yukuna-5_belly-1,,Yukuna,5_belly,julaji,hulahi,h u l a h i,,Chacon2017,,
Achagua-6_big-1,,Achagua,6_big,máanuii,maanuii,m aa n u ii,,melendez_lozano_diccionario_2011,,
Baniwa-6_big-1,,Baniwa,6_big,maka-,maka-,m a k a,,ramirez_dicionario_2001,,
Kabiyari-6_big-1,,Kabiyari,6_big,manuʔú,manuʔú,m a n u ʔ ú/u,,Chacon2017,,
Piapoco-6_big-1,,Piapoco,6_big,manuíri,manuíɾi,m a n u í/i ɾ i,,Chacon2017,,
Resigaro-6_big-1,,Resigaro,6_big,ǰiǰá?aamí,ǰiǰá?aamí,dʒ i dʒ á/a ʔ aa m í/i,,allin_vocabulario_1979,,
Yukuna-6_big-1,,Yukuna,6_big,ñópo'ojlo,ɲópoʔohlo,ɲ ó/o p o ʔ o h l o,,Chacon2017,,
Achagua-7_bird-1,,Achagua,7_bird,míʃidu,míʃidu,m í/i ʃ i d u,,melendez_lozano_diccionario_2011,,
Baniwa-7_bird-1,,Baniwa,7_bird,képira,képira,k é/e p i r a,,ramirez_dicionario_2001,,
Kabiyari-7_bird-1,,Kabiyari,7_bird,ʔupira,ʔupira,ʔ u p i r a,,ramirez_dicionario_2001,,
Kabiyari-7_bird-2,,Kabiyari,7_bird,ku(' )pira,ku(' )pira,k u ʔ p i r a,,ramirez_dicionario_2001,,
Piapoco-7_bird-1,,Piapoco,7_bird,màsibèe,màsibèe,m à/a s i b è/e e,,Chacon2017,,
Piapoco-7_bird-2,,Piapoco,7_bird,kuìpìra,kuìpìra,k u ì/i p ì/i r a,,huber_vocabulario_1991,,
Resigaro-7_bird-1,,Resigaro,7_bird,kóʔpíidú,kóʔpíidú,k ó/o ʔ p í/i i d ú/u,,Chacon2017,,
Resigaro-7_bird-2,,Resigaro,7_bird,adovíigí,adovíigí,a d o v í/i i g í/i,,Chacon2017,,
Yukuna-7_bird-1,,Yukuna,7_bird,kupira'aphá,kupiraʔapʰá,k u p i r a ʔ a pʰ á/a,,Chacon2017,,
Achagua-8_bite-1,,Achagua,8_bite,-ámua,-ámua,á/a m u a,,ramirez_dicionario_2001,,
Baniwa-8_bite-1,,Baniwa,8_bite,-mhoa,-mhoa,mʰ o a,,ramirez_dicionario_2001,,
Kabiyari-8_bite-1,,Kabiyari,8_bite,amhe,amhe,a mʰ e,,ramirez_dicionario_2001,,
Piapoco-8_bite-1,,Piapoco,8_bite,ichicúadaca,itʃikúadaka,i tʃ i k ú/u a d a k a,,Chacon2017,,
Piapoco-8_bite-2,,Piapoco,8_bite,imasáaca,imasáaka,i m a s á/a a k a,,Chacon2017,,
Piapoco-8_bite-3,,Piapoco,8_bite,nuamíadaca,nuamíadaka,n u a m í/i a d a k a,,Chacon2017,,
Piapoco-8_bite-4,,Piapoco,8_bite,yaamíaca,jaamíaka,j aa m í/i a k a,,Chacon2017,,
Piapoco-8_bite-5,,Piapoco,8_bite,yúucaca,júukaka,j ú/u u k a k a,,Chacon2017,,
Resigaro-8_bite-1,,Resigaro,8_bite,-emú,-emú,e m ú/u,,allin_vocabulario_1979,,
Yukuna-8_bite-1,,Yukuna,8_bite,ajma'akaje,ahmaʔakahe,a h m a ʔ a k a h e,,Chacon2017,,
Achagua-9_black-1,,Achagua,9_black,katʃáhulailau,katʃahulailau,k a tʃ a h u l a i l a u,,melendez_lozano_diccionario_2011,,
Baniwa-9_black-1,,Baniwa,9_black,íitta,íitta,í/i i tt a,,ramirez_dicionario_2001,,
Kabiyari-9_black-1,,Kabiyari,9_black,kewere-ri,kewere-ri,k e w e r e r i,,Chacon2017,,
Piapoco-9_black-1,,Piapoco,9_black,cúulíiri,kú:lí:ɾi,k ú:/uː l í:/iː ɾ i,,Chacon2017,,
Resigaro-9_black-1,,Resigaro,9_black,tsaphó?,tsaphó?,ts a pʰ ó/o ʔ,,allin_vocabulario_1979,,
Yukuna-9_black-1,,Yukuna,9_black,kameni,kameni,k a m e n i,,schauer_diccionario_2005,,
Achagua-10_blood-1,,Achagua,10_blood,íirai,iirai,ii r a i,,melendez_lozano_diccionario_2011,,
Baniwa-10_blood-1,,Baniwa,10_blood,-iiranaa,-iiranaa,ii r a n aa,,ramirez_dicionario_2001,,
Kabiyari-10_blood-1,,Kabiyari,10_blood,íʔira,íʔira,í/i ʔ i r a,,Chacon2017,,
Piapoco-10_blood-1,,Piapoco,10_blood,irái,iɾái,i ɾ á/a i,,Chacon2017,,
Resigaro-10_blood-1,,Resigaro,10_blood,-iidú,-iidú,ii d ú/u,,allin_vocabulario_1979,,
Yukuna-10_blood-1,,Yukuna,10_blood,íraji,íɾahi,í/i ɾ a h i,,Chacon2017,,
Yukuna-10_blood-2,,Yukuna,10_blood,jirá,hiɾá,h i ɾ á/a,,Chacon2017,,
Achagua-11_bone-1,,Achagua,11_bone,jáhiʃi,jahiʃi,j a h i ʃ i,,melendez_lozano_diccionario_2011,,
Baniwa-11_bone-1,,Baniwa,11_bone,-áapi,-áapi,á/a a p i,,ramirez_dicionario_2001,,
Kabiyari-11_bone-1,,Kabiyari,11_bone,japi,japi,j a p i,,Chacon2017,,
Piapoco-11_bone-1,,Piapoco,11_bone,api,api,a p i,,Chacon2017,,
Resigaro-11_bone-1,,Resigaro,11_bone,aápí,aápí,a á/a p í/i,,Chacon2017,,
Yukuna-11_bone-1,,Yukuna,11_bone,aphinámiji,apʰinámihi,a pʰ i n á/a m i h i,,Chacon2017,,
Baniwa-12_breast1-1,,Baniwa,12_breast1,-íini,-íini,í/i i n i,,ramirez_dicionario_2001,,
Piapoco-12_breast1-1,,Piapoco,12_breast1,ìni,ìni,ì/i n i,,Chacon2017,,
Achagua-13_breast2-1,,Achagua,13_breast2,kútaʃi,kutaʃi,k u t a ʃ i,,melendez_lozano_diccionario_2011,,
Kabiyari-13_breast2-1,,Kabiyari,13_breast2,ji,ji,j i,,Chacon2017,,
Kabiyari-13_breast2-2,,Kabiyari,13_breast2,ukhu(ta),ukhu(ta),u kʰ u t a,,Chacon2017,,
Piapoco-13_breast2-1,,Piapoco,13_breast2,ucuta,ukuta,u k u t a,,Chacon2017,,
Resigaro-13_breast2-1,,Resigaro,13_breast2,ó?kótáapígú,óʔkótáapígú,ó/o ʔ k ó/o t á/a a p í/i g ú/u,,Chacon2017,,
Yukuna-13_breast2-1,,Yukuna,13_breast2,chu'uchú,tʃuʔutʃú,tʃ u ʔ u tʃ ú/u,,Chacon2017,,
Baniwa-14_burn1-1,,Baniwa,14_burn1,-haaka,-haaka,h aa k a,,ramirez_dicionario_2001,,
Yukuna-14_burn1-1,,Yukuna,14_burn1,kára'akaje,káraʔakahe,k á/a r a ʔ a k a h e,,Chacon2017,,
Achagua-15_burn2-1,,Achagua,15_burn2,éemairi,e:mairi,e: m a i r i,,melendez_lozano_diccionario_2011,,
Baniwa-15_burn2-1,,Baniwa,15_burn2,-ma,-ma,m a,,ramirez_dicionario_2001,,
Kabiyari-15_burn2-1,,Kabiyari,15_burn2,kahema,kahema,k a h e m a,,ramirez_dicionario_2001,,
Kabiyari-15_burn2-2,,Kabiyari,15_burn2,heema,heema,h ee m a,,ramirez_dicionario_2001,,
Piapoco-15_burn2-1,,Piapoco,15_burn2,emáca,emáka,e m á/a k a,,Chacon2017,,
Resigaro-15_burn2-1,,Resigaro,15_burn2,hoo-khú,hoo-kʰú,h oo kʰ ú/u,,Chacon2017,,
Warekena-15_burn2-1,,Warekena,15_burn2,méniketa,méniketa,m é/e n i k e t a,,ramirez_dicionario_2001,,
Achagua-16_claw-1,,Achagua,16_claw,júbawiaʃi,jubawiaʃi,j u b a w i a ʃ i,,melendez_lozano_diccionario_2011,,
Baniwa-16_claw-1,,Baniwa,16_claw,-tsóta,-tsóta,ts ó/o t a,,ramirez_dicionario_2001,,
Kabiyari-16_claw-1,,Kabiyari,16_claw,u'upa,uʔupa,u ʔ u p a,,Chacon2017,,
Piapoco-16_claw-1,,Piapoco,16_claw,yúuba,yúuba,y ú/u u b a,,Chacon2017,,
Piapoco-16_claw-2,,Piapoco,16_claw,uba,uba,u b a,,Chacon2017,,
Resigaro-16_claw-1,,Resigaro,16_claw,hi?táví,hiʔtáví,h i ʔ t á/a v í/i,,Chacon2017,,
Yukuna-16_claw-1,,Yukuna,16_claw,u'upa,uʔupa,u ʔ u p a,,Chacon2017,,
Achagua-17_cloud-1,,Achagua,17_cloud,sáanai,saanai,s aa n a i,,melendez_lozano_diccionario_2011,,
Baniwa-17_cloud-1,,Baniwa,17_cloud,eenótona,eenótona,ee n ó/o t o n a,,ramirez_dicionario_2001,,
Baniwa-17_cloud-2,,Baniwa,17_cloud,idzadawäka,idzadawäka,i dz a d a w a k a,,ramirez_dicionario_2001,,
Piapoco-17_cloud-1,,Piapoco,17_cloud,acalèe,akalèe,a k a l è/e e,,Chacon2017,,
Resigaro-17_cloud-1,,Resigaro,17_cloud,iítshú,iítshú,i í/i tsʰ ú/u,,allin_vocabulario_1979,,
Yukuna-17_cloud-1,,Yukuna,17_cloud,[juni] juwáka'ala,[huni] huwákaʔala,h u n i + h u w á/a k a ʔ a l a,,Chacon2017,,
Achagua-18_cold-1,,Achagua,18_cold,kasáIinii,kasalini:,k a s a l i n i:,,melendez_lozano_diccionario_2011,,
Baniwa-18_cold-1,,Baniwa,18_cold,hápe,hápe,h á/a p e,,ramirez_dicionario_2001,,
Kabiyari-18_cold-1,,Kabiyari,18_cold,peʔe,peʔe,p e ʔ e,,Chacon2017,,
Piapoco-18_cold-1,,Piapoco,18_cold,casalíníiri,kasalíní:ɾi,k a s a l í/i n í:/iː ɾ i,,Chacon2017,,
Resigaro-18_cold-1,,Resigaro,18_cold,hi?píí?,hiʔpííʔ,h i ʔ p íí/iː ʔ,,Chacon2017,,
Resigaro-18_cold-2,,Resigaro,18_cold,taa,taa,t aa,,Chacon2017,,
Yukuna-18_cold-1,,Yukuna,18_cold,ipe'ení,ipeʔení,i p e ʔ e n í/i,,Chacon2017,,
Achagua-19_come-1,,Achagua,19_come,íinueri,i:nueri,i: n u e r i,,melendez_lozano_diccionario_2011,,
Baniwa-19_come-1,,Baniwa,19_come,-no,-no,n o,,ramirez_dicionario_2001,,
Kabiyari-19_come-1,,Kabiyari,19_come,mira(a)ni,mira(a)ni,m i r a a n i,,Chacon2017,,
Kabiyari-19_come-2,,Kabiyari,19_come,anaa,anaa,a n aa,,Chacon2017,,
Piapoco-19_come-1,,Piapoco,19_come,nùacawa néese,nùakawa néese,n ù/u a k a w a + n é/e e s e,,Chacon2017,,
Resigaro-19_come-1,,Resigaro,19_come,tsa?nú,tsaʔnú,ts a ʔ n ú/u,,Chacon2017,,
Yukuna-19_come-1,,Yukuna,19_come,iphakaje,ipʰakahe,i pʰ a k a h e,,Chacon2017,,
Yukuna-19_come-2,,Yukuna,19_come,waícha,waítʃa,w a í/i tʃ a,,Chacon2017,,
Warekena-19_come-1,,Warekena,19_come,-wína,-wína,w í/i n a,,ramirez_dicionario_2001,,
Warekena-19_come-2,,Warekena,19_come,wádi!,wádi!,w á/a d i,,ramirez_dicionario_2001,,
Achagua-20_die-1,,Achagua,20_die,máanalii,ma:nali:,m a: n a l i:,,melendez_lozano_diccionario_2011,,
Baniwa-20_die-1,,Baniwa,20_die,malíome,malíome,m a l í/i o m e,,ramirez_dicionario_2001,,
Kabiyari-20_die-1,,Kabiyari,20_die,mikuu,mikuu,m i k uu,,Chacon2017,,
Piapoco-20_die-1,,Piapoco,20_die,étácawa,étákawa,é/e t á/a k a w a,,Chacon2017,,
Resigaro-20_die-1,,Resigaro,20_die,kainée- ǰú,kainée- ǰú,k a i n é/e e + dʒ ú/u,,allin_vocabulario_1979,,
Yukuna-20_die-1,,Yukuna,20_die,taka'akaje,takaʔakahe,t a k a ʔ a k a h e,,Chacon2017,,
Achagua-21_dog-1,,Achagua,21_dog,auli,auli,a u l i,,ramirez_dicionario_2001,,
Baniwa-21_dog-1,,Baniwa,21_dog,tsiino,tsiino,ts ii n o,,ramirez_dicionario_2001,,
Kabiyari-21_dog-1,,Kabiyari,21_dog,t∫aawi,t∫aawi,t ʃ aa w i,,Chacon2017,,
Piapoco-21_dog-1,,Piapoco,21_dog,yàlidu,jàlidu,j à/a l i d u,,Chacon2017,,
Resigaro-21_dog-1,,Resigaro,21_dog,íiní,íiní,í/i i n í/i,,Chacon2017,,
Tariana-21_dog-1,,Tariana,21_dog,čínu,tʃínu,tʃ í/i n u,,Chacon2017,,
Yukuna-21_dog-1,,Yukuna,21_dog,walú,walú,w a l ú/u,,Chacon2017,,
Achagua-22_drink-1,,Achagua,22_drink,íireri,i:reri,i: r e r i,,melendez_lozano_diccionario_2011,,
Baniwa-22_drink-1,,Baniwa,22_drink,-íira,-íira,í/i i r a,,ramirez_dicionario_2001,,
Kabiyari-22_drink-1,,Kabiyari,22_drink,irá,irá,i r á/a,,Chacon2017,,
Piapoco-22_drink-1,,Piapoco,22_drink,ìraca,ìɾaka,ì/i ɾ a k a,,Chacon2017,,
Resigaro-22_drink-1,,Resigaro,22_drink,i?dú,i?dú,i ʔ d ú/u,,Chacon2017,,
Yukuna-22_drink-1,,Yukuna,22_drink,i'irakaje,iʔiɾakahe,i ʔ i ɾ a k a h e,,Chacon2017,,
Baniwa-23_dryn-1,,Baniwa,23_dryn,-meettáta,-meettáta,m ee tt á/a t a,,ramirez_dicionario_2001,,
Kabiyari-23_dryn-1,,Kabiyari,23_dryn,iwá,iwá,i w á/a,,Chacon2017,,
Piapoco-23_dryn-1,,Piapoco,23_dryn,chuìri,tʃuìɾi,tʃ u ì/i ɾ i,,Chacon2017,,
Resigaro-23_dryn-1,,Resigaro,23_dryn,makádú,makádú,m a k á/a d ú/u,,Chacon2017,,
Yukuna-23_dryn-1,,Yukuna,23_dryn,makára'akaje,makára'akaje,m a k á/a r a ʔ a k a j e,,schauer_diccionario_2005,,
Achagua-24_ear-1,,Achagua,24_ear,wíbaʃi,wibaʃi,w i b a ʃ i,,melendez_lozano_diccionario_2011,,
Baniwa-24_ear-1,,Baniwa,24_ear,-heeni,-heeni,h ee n i,,ramirez_dicionario_2001,,
Baniwa-24_ear-2,,Baniwa,24_ear,-hináko-liko,-hináko-liko,h i n á/a k o l i k o,,ramirez_dicionario_2001,,
Kabiyari-24_ear-1,,Kabiyari,24_ear,u'uwi,uʔuwi,u ʔ u w i,,Chacon2017,,
Piapoco-24_ear-1,,Piapoco,24_ear,uwi,uwi,u w i,,Chacon2017,,
Resigaro-24_ear-1,,Resigaro,24_ear,henákó,henákó,h e n á/a k ó/o,,Chacon2017,,
Yukuna-24_ear-1,,Yukuna,24_ear,i'ijwijí,iʔihwihí,i ʔ i h w i h í/i,,Chacon2017,,
Achagua-25_earth-1,,Achagua,25_earth,káinabi,kainabi,k a i n a b i,,melendez_lozano_diccionario_2011,,
Baniwa-25_earth-1,,Baniwa,25_earth,híipai,híipai,h í/i i p a i,,ramirez_dicionario_2001,,
Kabiyari-25_earth-1,,Kabiyari,25_earth,ta'ka(a)ri,taʔka(a)ri,t a ʔ k a a r i,,Chacon2017,,
Piapoco-25_earth-1,,Piapoco,25_earth,cáli,káli,k á/a l i,,Chacon2017,,
Resigaro-25_earth-1,,Resigaro,25_earth,hihi,hihi,h i h i,,Chacon2017,,
Yukuna-25_earth-1,,Yukuna,25_earth,te'erí,teʔeɾí,t e ʔ e ɾ í/i,,Chacon2017,,
Achagua-26_eat-1,,Achagua,26_eat,íijeri,i:jeri,i: j e r i,,melendez_lozano_diccionario_2011,,
Baniwa-26_eat-1,,Baniwa,26_eat,-íiñha,-íiñha,í/i i ɲ a,,ramirez_dicionario_2001,,
Kabiyari-26_eat-1,,Kabiyari,26_eat,tʃha,tʃha,tʃʰ a,,Chacon2017,,
Piapoco-26_eat-1,,Piapoco,26_eat,yáaca,já:ka,j á:/aː k a,,Chacon2017,,
Resigaro-26_eat-1,,Resigaro,26_eat,a?mitú,a?mitú,a ʔ m i t ú/u,,Chacon2017,,
Yukuna-26_eat-1,,Yukuna,26_eat,ajñakaje,ahɲakahe,a h ɲ a k a h e,,Chacon2017,,
Achagua-27_egg-1,,Achagua,27_egg,éewiʃi,eewiʃi,ee w i ʃ i,,melendez_lozano_diccionario_2011,,
Baniwa-27_egg-1,,Baniwa,27_egg,-éewhe,-éewhe,é/e e w h e,,ramirez_dicionario_2001,,
Kabiyari-27_egg-1,,Kabiyari,27_egg,éewhé,éewhé,é/e e w h é/e,,Chacon2017,,
Piapoco-27_egg-1,,Piapoco,27_egg,yéewési,jé:wési,j éː/eː w é/e s i,,Chacon2017,,
Resigaro-27_egg-1,,Resigaro,27_egg,eévé(ú),eévé(ú),e é/e v é/e ú/u,,Chacon2017,,
Yukuna-27_egg-1,,Yukuna,27_egg,ejweji,ehwehi,e h w e h i,,Chacon2017,,
Achagua-28_eye-1,,Achagua,28_eye,túiʃi,tuiʃi,t u i ʃ i,,melendez_lozano_diccionario_2011,,
Baniwa-28_eye-1,,Baniwa,28_eye,-thi,-thi,tʰ i,,ramirez_dicionario_2001,,
Kabiyari-28_eye-1,,Kabiyari,28_eye,thu,thu,tʰ u,,Chacon2017,,
Piapoco-28_eye-1,,Piapoco,28_eye,tuí,tuí,t u í/i,,Chacon2017,,
Resigaro-28_eye-1,,Resigaro,28_eye,ijlují,ihluhí,i h l u h í/i,,Chacon2017,,
Yukuna-28_eye-1,,Yukuna,28_eye,ijlují,ihluhí,i h l u h í/i,,Chacon2017,,
Kabiyari-29_feather-1,,Kabiyari,29_feather,apána,apána,a p á/a n a,,Chacon2017,,
Piapoco-29_feather-1,,Piapoco,29_feather,báica,báika,b á/a i k a,,Chacon2017,,
Resigaro-29_feather-1,,Resigaro,29_feather,tsíináhí,tsíináhí,ts í/i i n á/a h í/i,,Chacon2017,,
Tariana-29_feather-1,,Tariana,29_feather,dí-ča,dí-tʃa,d í/i tʃ a,,Chacon2017,,
Tariana-29_feather-2,,Tariana,29_feather,díča-ɾe,dítʃa-ɾe,d í/i tʃ a ɾ e,,Chacon2017,,
Tariana-29_feather-3,,Tariana,29_feather,daɾuphemá-ma,daɾupʰemá-ma,d a ɾ u pʰ e m á/a m a,,Chacon2017,,
Yukuna-29_feather-1,,Yukuna,29_feather,chijneji,tʃihnehi,tʃ i h n e h i,,Chacon2017,,
Achagua-30_fire-1,,Achagua,30_fire,tʃitʃái,tʃitʃai,tʃ i tʃ a i,,melendez_lozano_diccionario_2011,,
Baniwa-30_fire-1,,Baniwa,30_fire,ttídzee,ttídzee,tt í/i dz ee,,ramirez_dicionario_2001,,
Kabiyari-30_fire-1,,Kabiyari,30_fire,kira'ari,kiraʔari,k i r a ʔ a r i,,Chacon2017,,
Piapoco-30_fire-1,,Piapoco,30_fire,quichái,kitʃái,k i tʃ á/a i,,Chacon2017,,
Piapoco-30_fire-2,,Piapoco,30_fire,síyái,síjái,s í/i j á/a i,,Chacon2017,,
Resigaro-30_fire-1,,Resigaro,30_fire,o?koná?,oʔkonáʔ,o ʔ k o n á/a ʔ,,Chacon2017,,
Yukuna-30_fire-1,,Yukuna,30_fire,jiyá,hijá,h i j á/a,,Chacon2017,,
Yukuna-30_fire-2,,Yukuna,30_fire,kera'atani,keɾaʔatani,k e ɾ a ʔ a t a n i,,Chacon2017,,
Achagua-31_fishn-1,,Achagua,31_fishn,kubái,kubai,k u b a i,,melendez_lozano_diccionario_2011,,
Baniwa-31_fishn-1,,Baniwa,31_fishn,kóphe,kóphe,k ó/o pʰ e,,ramirez_dicionario_2001,,
Kabiyari-31_fishn-1,,Kabiyari,31_fishn,kúpha,ʔulle,ʔ u lː e,,huber_vocabulario_1991,,
Piapoco-31_fishn-1,,Piapoco,31_fishn,kubái,kubái,k u b á/a i,,Chacon2017,,
Resigaro-31_fishn-1,,Resigaro,31_fishn,ámoogí,ámoogí,á/a m oo g í/i,,Chacon2017,,
Yukuna-31_fishn-1,,Yukuna,31_fishn,kúpe,kúpe,k ú/u p e,,Chacon2017,,
Achagua-32_flesh-1,,Achagua,32_flesh,íinaʃi,i:naʃi,i: n a ʃ i,,melendez_lozano_diccionario_2011,,
Baniwa-32_flesh-1,,Baniwa,32_flesh,-íipe,-íipe,í/i i p e,,ramirez_dicionario_2001,,
Kabiyari-32_flesh-1,,Kabiyari,32_flesh,?ii,?ii,ʔ ii,,huber_vocabulario_1991,,
Piapoco-32_flesh-1,,Piapoco,32_flesh,iinási,iinási,ii n á/a s i,,Chacon2017,,
Resigaro-32_flesh-1,,Resigaro,32_flesh,gí?í,gí?í,g í/i ʔ í/i,,huber_vocabulario_1991,,
Yukuna-32_flesh-1,,Yukuna,32_flesh,i'iji,ri'í,r i ʔ í/i,,Chacon2017,,
Achagua-33_flyv-1,,Achagua,33_flyv,jáareriu,ja:reriu,j a: r e r i u,,melendez_lozano_diccionario_2011,,
Baniwa-33_flyv-1,,Baniwa,33_flyv,-áara,-áara,á/a a r a,,ramirez_dicionario_2001,,
Kabiyari-33_flyv-1,,Kabiyari,33_flyv,áara,áara,á/a a r a,,schauer_diccionario_2005,,
Piapoco-33_flyv-1,,Piapoco,33_flyv,yálacawa,jálakawa,j á/a l a k a w a,,Chacon2017,,
Resigaro-33_flyv-1,,Resigaro,33_flyv,adú,adú,a d ú/u,,Chacon2017,,
Yukuna-33_flyv-1,,Yukuna,33_flyv,ajrakaje,ahɾakahe,a h ɾ a k a h e,,Chacon2017,,
Achagua-34_foot-1,,Achagua,34_foot,íibaʃi,i:baʃi,i: b a ʃ i,,melendez_lozano_diccionario_2011,,
Baniwa-34_foot-1,,Baniwa,34_foot,-híipa,-híipa,h í/i i p a,,ramirez_dicionario_2001,,
Kabiyari-34_foot-1,,Kabiyari,34_foot,híipa,híipa,h í/i i p a,,Chacon2017,,
Piapoco-34_foot-1,,Piapoco,34_foot,abàli,abàli,a b à/a l i,,Chacon2017,,
Resigaro-34_foot-1,,Resigaro,34_foot,hii?pú,hiiʔpú,h ii ʔ p ú/u,,Chacon2017,,
Yukuna-34_foot-1,,Yukuna,34_foot,ji'imaji,hiʔimahi,h i ʔ i m a h i,,Chacon2017,,
Achagua-35_full-1,,Achagua,35_full,káawai,ka:wai,k a: w a i,,melendez_lozano_diccionario_2011,,
Baniwa-35_full-1,,Baniwa,35_full,pákhame(i),pákhame(i),p á/a kʰ a m e i,,ramirez_dicionario_2001,,
Kabiyari-35_full-1,,Kabiyari,35_full,manu',manu',m a n u ʔ,,ramirez_dicionario_2001,,
Kabiyari-35_full-2,,Kabiyari,35_full,miyana,miyana,m i y a n a,,ramirez_dicionario_2001,,
Resigaro-35_full-1,,Resigaro,35_full,potsʰí?mó,potsʰí?mó,p o tsʰ í/i ʔ m ó/o,,huber_vocabulario_1991,,
Yukuna-35_full-1,,Yukuna,35_full,mano'okaje,mano'okaje,m a n o ʔ o k a j e,,schauer_diccionario_2005,,
Achagua-36_give-1,,Achagua,36_give,jáairi,jaairi,j aa i r i,,melendez_lozano_diccionario_2011,,
Baniwa-36_give-1,,Baniwa,36_give,-áa,-áa,á/a a,,ramirez_dicionario_2001,,
Kabiyari-36_give-1,,Kabiyari,36_give,-aa,-aa,aa,,ramirez_dicionario_2001,,
Resigaro-36_give-1,,Resigaro,36_give,-aa?ní,-aa?ní,aa ʔ n í/i,,huber_vocabulario_1991,,
Yukuna-36_give-1,,Yukuna,36_give,a'akaje,a'akaje,a ʔ a k a j e,,schauer_diccionario_2005,,
Warekena-36_give-1,,Warekena,36_give,-huwa,-huwa,h u w a,,ramirez_dicionario_2001,,
Achagua-37_good-1,,Achagua,37_good,sáika,saika,s a i k a,,melendez_lozano_diccionario_2011,,
Baniwa-37_good-1,,Baniwa,37_good,mátsia,mátsia,m á/a ts i a,,ramirez_dicionario_2001,,
Kabiyari-37_good-1,,Kabiyari,37_good,tʃuni-ka,tʃuni-ka,tʃ u n i k a,,Chacon2017,,
Piapoco-37_good-1,,Piapoco,37_good,cayábéeri,kajábé:ɾi,k a j á/a b é:/eː ɾ i,,Chacon2017,,
Resigaro-37_good-1,,Resigaro,37_good,kaŝó?,kaʃóʔ,k a ʃ ó/o ʔ,,Chacon2017,,
Yukuna-37_good-1,,Yukuna,37_good,palani,palani,p a l a n i,,Chacon2017,,
Achagua-38_grease-1,,Achagua,38_grease,júuwika,juuwika,j uu w i k a,,melendez_lozano_diccionario_2011,,
Baniwa-38_grease-1,,Baniwa,38_grease,íitti,íitti,í/i i tt i,,ramirez_dicionario_2001,,
Kabiyari-38_grease-1,,Kabiyari,38_grease,íʔit̪i,íʔit̪i,í/i ʔ i t̪ i,,Chacon2017,,
Piapoco-38_grease-1,,Piapoco,38_grease,iséená,isé:ná,i s é:/eː n á/a,,Chacon2017,,
Resigaro-38_grease-1,,Resigaro,38_grease,phedee?kátasí,phedee?kátasí,pʰ e d ee ʔ k á/a t a s í/i,,allin_vocabulario_1979,,
Yukuna-38_grease-1,,Yukuna,38_grease,jilaji,hilahi,h i l a h i,,Chacon2017,,
Achagua-39_green-1,,Achagua,39_green,uléejii,ule:ji,u l e: j i,,melendez_lozano_diccionario_2011,,
Baniwa-39_green-1,,Baniwa,39_green,hípole,hípole,h í/i p o l e,,ramirez_dicionario_2001,,
Kabiyari-39_green-1,,Kabiyari,39_green,puré,puré,p u r é/e,,Chacon2017,,
Piapoco-39_green-1,,Piapoco,39_green,ipùléeri,ipùlé:ɾi,i p ù/u l é:/eː ɾ i,,Chacon2017,,
Resigaro-39_green-1,,Resigaro,39_green,ipogí?,ipogí?,i p o g í/i ʔ,,Chacon2017,,
Yukuna-39_green-1,,Yukuna,39_green,ipureni,ipuɾeni,i p u ɾ e n i,,Chacon2017,,
Achagua-40_hair-1,,Achagua,40_hair,báinaʃi,bainaʃi,b a i n a ʃ i,,melendez_lozano_diccionario_2011,,
Baniwa-40_hair-1,,Baniwa,40_hair,-tsíkole,-tsíkole,ts í/i k o l e,,ramirez_dicionario_2001,,
Kabiyari-40_hair-1,,Kabiyari,40_hair,tʃuna,tʃuna,tʃ u n a,,Chacon2017,,
Piapoco-40_hair-1,,Piapoco,40_hair,ichùna,itʃùna,i tʃ ù/u n a,,Chacon2017,,
Resigaro-40_hair-1,,Resigaro,40_hair,híve?áǰii?ó,híveʔádʒiiʔó,h í/i v e ʔ á/a dʒ ii ʔ ó/o,,Chacon2017,,
Yukuna-40_hair-1,,Yukuna,40_hair,wilaji,wilahi,w i l a h i,,Chacon2017,,
Achagua-41_hand-1,,Achagua,41_hand,káhiʃi,kahiʃi,k a h i ʃ i,,melendez_lozano_diccionario_2011,,
Baniwa-41_hand-1,,Baniwa,41_hand,-káapi,-káapi,k á/a a p i,,ramirez_dicionario_2001,,
Kabiyari-41_hand-1,,Kabiyari,41_hand,kaapi,kaapi,k aa p i,,Chacon2017,,
Piapoco-41_hand-1,,Piapoco,41_hand,cáapi,ká:pi,k á:/aː p i,,Chacon2017,,
Resigaro-41_hand-1,,Resigaro,41_hand,-ké,-ké,k é/e,,allin_vocabulario_1979,,
Yukuna-41_hand-1,,Yukuna,41_hand,yáte'elaji,játeʔelahi,j á/a t e ʔ e l a h i,,Chacon2017,,
Achagua-42_head-1,,Achagua,42_head,wítaʃi,witaʃi,w i t a ʃ i,,melendez_lozano_diccionario_2011,,
Baniwa-42_head-1,,Baniwa,42_head,-hiwída,-hiwída,h i w í/i d a,,ramirez_dicionario_2001,,
Kabiyari-42_head-1,,Kabiyari,42_head,hiwíta,hiwíta,h i w í/i t a,,Chacon2017,,
Piapoco-42_head-1,,Piapoco,42_head,[nu]iwita,[nu]iwita,n u i w i t a,,Chacon2017,,
Resigaro-42_head-1,,Resigaro,42_head,híveú,híveú,h í/i v e ú/u,,Chacon2017,,
Yukuna-42_head-1,,Yukuna,42_head,wíla'aruji,wílaʔaɾuhi,w í/i l a ʔ a ɾ u h i,,Chacon2017,,
Achagua-43_hear-1,,Achagua,43_hear,éemeri,e:meri,e: m e r i,,melendez_lozano_diccionario_2011,,
Baniwa-43_hear-1,,Baniwa,43_hear,-hima,-hima,h i m a,,ramirez_dicionario_2001,,
Baniwa-43_hear-2,,Baniwa,43_hear,-himeeta,-himeeta,h i m ee t a,,ramirez_dicionario_2001,,
Kabiyari-43_hear-1,,Kabiyari,43_hear,heme,heme,h e m e,,Chacon2017,,
Piapoco-43_hear-1,,Piapoco,43_hear,émìaca,émìaka,é/e m ì/i a k a,,Chacon2017,,
Resigaro-43_hear-1,,Resigaro,43_hear,hé?mú,hé?mú,h é/e ʔ m ú/u,,Chacon2017,,
Tariana-43_hear-1,,Tariana,43_hear,-híma,-híma,h í/i m a,,ramirez_dicionario_2001,,
Yukuna-43_hear-1,,Yukuna,43_hear,jema'akaje,hemaʔakahe,h e m a ʔ a k a h e,,Chacon2017,,
Achagua-44_heart-1,,Achagua,44_heart,wówaʃi,wowaʃi,w o w a ʃ i,,melendez_lozano_diccionario_2011,,
Baniwa-44_heart-1,,Baniwa,44_heart,-kaale,-kaale,k aa l e,,ramirez_dicionario_2001,,
Kabiyari-44_heart-1,,Kabiyari,44_heart,kareta,kareta,k a r e t a,,Chacon2017,,
Piapoco-44_heart-1,,Piapoco,44_heart,nu-wàwa,nu-wàwa,n u w à/a w a,,Chacon2017,,
Piapoco-44_heart-2,,Piapoco,44_heart,íiricu,í:ɾiku,í:/iː ɾ i k u,,Chacon2017,,
Resigaro-44_heart-1,,Resigaro,44_heart,váfoú,váfoú,v á/a f o ú/u,,Chacon2017,,
Yukuna-44_heart-1,,Yukuna,44_heart,wajweji,wahwehi,w a h w e h i,,Chacon2017,,
Achagua-45_horn-1,,Achagua,45_horn,tʃáalaʃi,tʃa:laʃi,tʃ a: l a ʃ i,,melendez_lozano_diccionario_2011,,
Baniwa-45_horn-1,,Baniwa,45_horn,-tsówa,-tsówa,ts ó/o w a,,ramirez_dicionario_2001,,
Kabiyari-45_horn-1,,Kabiyari,45_horn,nuire,nuire,n u i r e,,huber_vocabulario_1991,,
Resigaro-45_horn-1,,Resigaro,45_horn,-iijβií,-iijβií,ii j β i í/i,,huber_vocabulario_1991,,
Yukuna-45_horn-1,,Yukuna,45_horn,i'iwáwiji,ri'iwawi,r i ʔ i w a w i,,schauer_diccionario_2005,,
Achagua-46_hot-1,,Achagua,46_hot,amuái,amuai,a m u a i,,melendez_lozano_diccionario_2011,,
Baniwa-46_hot-1,,Baniwa,46_hot,hámo,hámo,h á/a m o,,ramirez_dicionario_2001,,
Kabiyari-46_hot-1,,Kabiyari,46_hot,muʔú,muʔú,m u ʔ ú/u,,Chacon2017,,
Piapoco-46_hot-1,,Piapoco,46_hot,ùuléeri,ùulé:ɾi,ù/u u l é:/eː ɾ i,,Chacon2017,,
Resigaro-46_hot-1,,Resigaro,46_hot,ha?mo?,ha?mo?,h a ʔ m o ʔ,,Chacon2017,,
Yukuna-46_hot-1,,Yukuna,46_hot,ima'aní,ima'aní,i m a ʔ a n í/i,,schauer_diccionario_2005,,
Achagua-47_kill-1,,Achagua,47_kill,íinueri,i:nueri,i: n u e r i,,melendez_lozano_diccionario_2011,,
Baniwa-47_kill-1,,Baniwa,47_kill,-íinoa,-íinoa,í/i i n o a,,ramirez_dicionario_2001,,
Kabiyari-47_kill-1,,Kabiyari,47_kill,nua,nua,n u a,,Chacon2017,,
Piapoco-47_kill-1,,Piapoco,47_kill,étáidaca,étáidaka,é/e t á/a i d a k a,,Chacon2017,,
Piapoco-47_kill-2,,Piapoco,47_kill,nuáca,nuáka,n u á/a k a,,Chacon2017,,
Resigaro-47_kill-1,,Resigaro,47_kill,kainée-khú,kainée-kʰú,k a i n é/e e kʰ ú/u,,Chacon2017,,
Resigaro-47_kill-2,,Resigaro,47_kill,mótshó,mótsʰó,m ó/o tsʰ ó/o,,Chacon2017,,
Yukuna-47_kill-1,,Yukuna,47_kill,nókaje,nókahe,n ó/o k a h e,,Chacon2017,,
Achagua-48_knee-1,,Achagua,48_knee,júruiʃi,juruiʃi,j u r u i ʃ i,,melendez_lozano_diccionario_2011,,
Baniwa-48_knee-1,,Baniwa,48_knee,-hóorhi,-hóorhi,h ó/o o rʰ i,,ramirez_dicionario_2001,,
Kabiyari-48_knee-1,,Kabiyari,48_knee,-urhu(na),-urhu(na),u rʰ u n a,,ramirez_dicionario_2001,,
Kabiyari-48_knee-2,,Kabiyari,48_knee,-huru,-huru,h u r u,,ramirez_dicionario_2001,,
Resigaro-48_knee-1,,Resigaro,48_knee,-ho?dónaú,-ho?dónaú,h o ʔ d ó/o n a ú/u,,allin_vocabulario_1979,,
Yukuna-48_knee-1,,Yukuna,48_knee,i'irúpachiji,ri'irúpachi,r i ʔ i r ú/u p a ʃ i,,schauer_diccionario_2005,,
Achagua-49_know-1,,Achagua,49_know,éeweri,e:weri,e: w e r i,,melendez_lozano_diccionario_2011,,
Achagua-49_know-2,,Achagua,49_know,jaléenaa,jale:na:,j a l e: n a:,,melendez_lozano_diccionario_2011,,
Baniwa-49_know-1,,Baniwa,49_know,-áanhee,-áanhee,á/a a ɲ ee,,ramirez_dicionario_2001,,
Kabiyari-49_know-1,,Kabiyari,49_know,aranhú,aranhú,a r a ɲ ú/u,,Chacon2017,,
Piapoco-49_know-1,,Piapoco,49_know,alíacawa,alíakawa,a l í/i a k a w a,,Chacon2017,,
Resigaro-49_know-1,,Resigaro,49_know,-manaá-tó?,-manaá-tó?,m a n a á/a t ó/o ʔ,,allin_vocabulario_1979,,
Yukuna-49_know-1,,Yukuna,49_know,we'epíkaje,weʔepíkahe,w e ʔ e p í/i k a h e,,Chacon2017,,
Achagua-50_leaf-1,,Achagua,50_leaf,bánabai,banabai,b a n a b a i,,melendez_lozano_diccionario_2011,,
Baniwa-50_leaf-1,,Baniwa,50_leaf,panaphe,panaphe,p a n a pʰ e,,ramirez_dicionario_2001,,
Baniwa-50_leaf-2,,Baniwa,50_leaf,-phe,-phe,pʰ e,,ramirez_dicionario_2001,,
Kabiyari-50_leaf-1,,Kabiyari,50_leaf,apana,apana,a p a n a,,Chacon2017,,
Piapoco-50_leaf-1,,Piapoco,50_leaf,ibáiná,ibáiná,i b á/a i n á/a,,Chacon2017,,
Resigaro-50_leaf-1,,Resigaro,50_leaf,apáná?aamí,apánáʔaamí,a p á/a n á/a ʔ aa m í/i,,Chacon2017,,
Yukuna-50_leaf-1,,Yukuna,50_leaf,wíchu'upe,wíchu'upe,w í/i ʃ u ʔ u p e,,schauer_diccionario_2005,,
Warekena-50_leaf-1,,Warekena,50_leaf,-phe,-phe,pʰ e,,ramirez_dicionario_2001,,
Warekena-50_leaf-2,,Warekena,50_leaf,apanaphe,apanaphe,a p a n a pʰ e,,ramirez_dicionario_2001,,
Achagua-51_lie-1,,Achagua,51_lie,kuániriu,kuaniriu,k u a n i r i u,,melendez_lozano_diccionario_2011,,
Baniwa-51_lie-1,,Baniwa,51_lie,-kua,-kua,k u a,,ramirez_dicionario_2001,,
Baniwa-51_lie-2,,Baniwa,51_lie,-ɻhua,-ɻhua,ɻ h u a,,ramirez_dicionario_2001,,
Kabiyari-51_lie-1,,Kabiyari,51_lie,-ku'apu,-ku'apu,k u ʔ a p u,,ramirez_dicionario_2001,,
Kabiyari-51_lie-2,,Kabiyari,51_lie,-huapuku,-huapuku,h u a p u k u,,ramirez_dicionario_2001,,
Resigaro-51_lie-1,,Resigaro,51_lie,šoóné-ǰú,šoóné-ǰú,ʃ o ó/o n é/e ʒ ú/u,,allin_vocabulario_1979,,
Tariana-51_lie-1,,Tariana,51_lie,swá,swá,s w á/a,,Chacon2017,,
Yukuna-51_lie-1,,Yukuna,51_lie,to'okajo,to'okajo,t o ʔ o k a j o,,schauer_diccionario_2005,,
Achagua-52_liver-1,,Achagua,52_liver,tʃáaliʃi,tʃa:liʃi,tʃ a: l i ʃ i,,melendez_lozano_diccionario_2011,,
Baniwa-52_liver-1,,Baniwa,52_liver,-xópana,-xópana,ʃ ó/o p a n a,,ramirez_dicionario_2001,,
Kabiyari-52_liver-1,,Kabiyari,52_liver,úupana,úupana,ú/u u p a n a,,Chacon2017,,
Piapoco-52_liver-1,,Piapoco,52_liver,ubana,ubana,u b a n a,,Chacon2017,,
Resigaro-52_liver-1,,Resigaro,52_liver,-opáanú,-opáanú,o p á/a a n ú/u,,huber_vocabulario_1991,,
Yukuna-52_liver-1,,Yukuna,52_liver,panaji,panaji,p a n a j i,,schauer_diccionario_2005,,
Achagua-53_long-1,,Achagua,53_long,matʃéenii,matʃe:ni:,m a tʃ e: n i:,,melendez_lozano_diccionario_2011,,
Baniwa-53_long-1,,Baniwa,53_long,yápi,yápi,y á/a p i,,ramirez_dicionario_2001,,
Kabiyari-53_long-1,,Kabiyari,53_long,wia,wia,w i a,,ramirez_dicionario_2001,,
Piapoco-53_long-1,,Piapoco,53_long,cáaléeri,káaléeri,k á/a a l é/e e r i,,Chacon2017,,
Resigaro-53_long-1,,Resigaro,53_long,tseinó?,tseinó?,ts e i n ó/o ʔ,,Chacon2017,,
Yukuna-53_long-1,,Yukuna,53_long,waphereni,waphereni,w a pʰ e r e n i,,schauer_diccionario_2005,,
Achagua-54_louse-1,,Achagua,54_louse,witéneʃi,witeneʃi,w i t e n e ʃ i,,melendez_lozano_diccionario_2011,,
Baniwa-54_louse-1,,Baniwa,54_louse,towída,towída,t o w í/i d a,,ramirez_dicionario_2001,,
Kabiyari-54_louse-1,,Kabiyari,54_louse,nií,nií,n i í/i,,Chacon2017,,
Piapoco-54_louse-1,,Piapoco,54_louse,cùlibàu,kùlibàu,k ù/u l i b à/a u,,Chacon2017,,
Resigaro-54_louse-1,,Resigaro,54_louse,netetshí?ó,netetsʰíʔó,n e t e tsʰ í/i ʔ ó/o,,Chacon2017,,
Yukuna-54_louse-1,,Yukuna,54_louse,inejí,rine,r i n e,,schauer_diccionario_2005,,
Achagua-55_manadultmale-1,,Achagua,55_manadultmale,waʃiálikueri,waʃialikueri,w a ʃ i a l i k u e r i,,melendez_lozano_diccionario_2011,,
Baniwa-55_manadultmale-1,,Baniwa,55_manadultmale,atsíanli,atsíanli,a ts í/i a n l i,,ramirez_dicionario_2001,,
Baniwa-55_manadultmale-2,,Baniwa,55_manadultmale,newíki,newíki,n e w í/i k i,,ramirez_dicionario_2001,,
Kabiyari-55_manadultmale-1,,Kabiyari,55_manadultmale,t̪ijá-ri,t̪ijá-ri,t̪ i j á/a r i,,Chacon2017,,
Resigaro-55_manadultmale-1,,Resigaro,55_manadultmale,atsáagí,atsáagí,a ts á/a a g í/i,,Chacon2017,,
Yukuna-55_manadultmale-1,,Yukuna,55_manadultmale,achiñá,atʃiɲá,a tʃ i ɲ á/a,,Chacon2017,,
Achagua-56_many-1,,Achagua,56_many,báhiala,bahiala,b a h i a l a,,melendez_lozano_diccionario_2011,,
Baniwa-56_many-1,,Baniwa,56_many,hanípa,hanípa,h a n í/i p a,,ramirez_dicionario_2001,,
Baniwa-56_many-2,,Baniwa,56_many,hóre,hóre,h ó/o r e,,ramirez_dicionario_2001,,
Baniwa-56_many-3,,Baniwa,56_many,manópe,manópe,m a n ó/o p e,,ramirez_dicionario_2001,,
Kabiyari-56_many-1,,Kabiyari,56_many,muura,muura,m uu r a,,ramirez_dicionario_2001,,
Piapoco-56_many-1,,Piapoco,56_many,kána(na)ma,kána(na)ma,k á/a n a n a m a,,ramirez_dicionario_2001,,
Piapoco-56_many-2,,Piapoco,56_many,manuba,manuba,m a n u b a,,ramirez_dicionario_2001,,
Piapoco-56_many-3,,Piapoco,56_many,maini,maini,m a i n i,,ramirez_dicionario_2001,,
Resigaro-56_many-1,,Resigaro,56_many,an̥epúúʔ,an̥epúúʔ,a n̥ e p ú:/uː ʔ,,huber_vocabulario_1991,,
Yukuna-56_many-1,,Yukuna,56_many,cha'aphá,cha'aphá,ʃ a ʔ a pʰ á/a,,schauer_diccionario_2005,,
Achagua-57_moon-1,,Achagua,57_moon,kéeri,ke:ri,k e: r i,,melendez_lozano_diccionario_2011,,
Baniwa-57_moon-1,,Baniwa,57_moon,kéeri,kéeri,k é/e e r i,,ramirez_dicionario_2001,,
Kabiyari-57_moon-1,,Kabiyari,57_moon,kéeri,kéeri,k é/e e r i,,Chacon2017,,
Piapoco-57_moon-1,,Piapoco,57_moon,quéeri,ké:ɾi,k é:/eː ɾ i,,Chacon2017,,
Resigaro-57_moon-1,,Resigaro,57_moon,keégí,keégí,k e é/e g í/i,,Chacon2017,,
Yukuna-57_moon-1,,Yukuna,57_moon,keri,keɾi,k e ɾ i,,Chacon2017,,
Achagua-58_mountain-1,,Achagua,58_mountain,dúuli,dúuli,d ú/u u l i,,ramirez_dicionario_2001,,
Baniwa-58_mountain-1,,Baniwa,58_mountain,hidzápa,hidzápa,h i dz á/a p a,,ramirez_dicionario_2001,,
Baniwa-58_mountain-2,,Baniwa,58_mountain,híipana,híipana,h í/i i p a n a,,ramirez_dicionario_2001,,
Kabiyari-58_mountain-1,,Kabiyari,58_mountain,marena,marena,m a r e n a,,Chacon2017,,
Kabiyari-58_mountain-2,,Kabiyari,58_mountain,takari,takari,t a k a r i,,Chacon2017,,
Piapoco-58_mountain-1,,Piapoco,58_mountain,dúli,dúli,d ú/u l i,,Chacon2017,,
Resigaro-58_mountain-1,,Resigaro,58_mountain,tégahú,tégahú,t é/e g a h ú/u,,allin_vocabulario_1979,,
Tariana-58_mountain-1,,Tariana,58_mountain,maka-pulikúda,maka-pulikúda,m a k a p u l i k ú/u d a,,Chacon2017,,
Yukuna-58_mountain-1,,Yukuna,58_mountain,yenuri,jenuɾi,j e n u ɾ i,,Chacon2017,,
Warekena-58_mountain-1,,Warekena,58_mountain,hidápa,hidápa,h i d á/a p a,,ramirez_dicionario_2001,,
Achagua-59_mouth-1,,Achagua,59_mouth,númaʃi,numaʃi,n u m a ʃ i,,melendez_lozano_diccionario_2011,,
Baniwa-59_mouth-1,,Baniwa,59_mouth,-nóma,-nóma,n ó/o m a,,ramirez_dicionario_2001,,
Kabiyari-59_mouth-1,,Kabiyari,59_mouth,numa,numa,n u m a,,Chacon2017,,
Piapoco-59_mouth-1,,Piapoco,59_mouth,nùma,nùma,n ù/u m a,,Chacon2017,,
Resigaro-59_mouth-1,,Resigaro,59_mouth,nó,nó,n ó/o,,Chacon2017,,
Yukuna-59_mouth-1,,Yukuna,59_mouth,numaji,numahi,n u m a h i,,Chacon2017,,
Achagua-60_name-1,,Achagua,60_name,hiʔinaʃi,hiʔinaʃi,h i ʔ i n a ʃ i,,melendez_lozano_diccionario_2011,,
Baniwa-60_name-1,,Baniwa,60_name,-iipítana,-iipítana,ii p í/i t a n a,,ramirez_dicionario_2001,,
Kabiyari-60_name-1,,Kabiyari,60_name,íí,íí,íí/iː,,Chacon2017,,
Piapoco-60_name-1,,Piapoco,60_name,ípidená,ípidená,í/i p i d e n á/a,,Chacon2017,,
Resigaro-60_name-1,,Resigaro,60_name,iivú,iivú,ii v ú/u,,Chacon2017,,
Yukuna-60_name-1,,Yukuna,60_name,iíji,iíhi,i í/i h i,,Chacon2017,,
Achagua-61_neck-1,,Achagua,61_neck,wáaʃi,wa:ʃi,w a: ʃ i,,melendez_lozano_diccionario_2011,,
Baniwa-61_neck-1,,Baniwa,61_neck,-nóoro,-nóoro,n ó/o o r o,,ramirez_dicionario_2001,,
Kabiyari-61_neck-1,,Kabiyari,61_neck,kanhapi,kanhapi,k a ɲ a p i,,Chacon2017,,
Piapoco-61_neck-1,,Piapoco,61_neck,canápi,kanápi,k a n á/a p i,,Chacon2017,,
Resigaro-61_neck-1,,Resigaro,61_neck,-iñočhí,-iñočhí,i ñ o tʃʰ í/i,,allin_vocabulario_1979,,
Yukuna-61_neck-1,,Yukuna,61_neck,núrupiji,núrupihi,n ú/u r u p i h i,,Chacon2017,,
Achagua-62_new-1,,Achagua,62_new,wáalii,wa:li:,w a: l i:,,melendez_lozano_diccionario_2011,,
Baniwa-62_new-1,,Baniwa,62_new,éemi,éemi,é/e e m i,,ramirez_dicionario_2001,,
Baniwa-62_new-2,,Baniwa,62_new,wali-,wali-,w a l i,,ramirez_dicionario_2001,,
Baniwa-62_new-3,,Baniwa,62_new,yapiápali,yapiápali,y a p i á/a p a l i,,ramirez_dicionario_2001,,
Kabiyari-62_new-1,,Kabiyari,62_new,wárit̪é,wárit̪é,w á/a r i t̪ é/e,,Chacon2017,,
Piapoco-62_new-1,,Piapoco,62_new,wàlisàiri,wàlisàiri,w à/a l i s à/a i r i,,Chacon2017,,
Resigaro-62_new-1,,Resigaro,62_new,be?é,be?é,b e ʔ é/e,,Chacon2017,,
Yukuna-62_new-1,,Yukuna,62_new,wajé,wahé,w a h é/e,,Chacon2017,,
Achagua-63_night-1,,Achagua,63_night,táaje,ta:je,t a: j e,,melendez_lozano_diccionario_2011,,
Baniwa-63_night-1,,Baniwa,63_night,déepi,déepi,d é/e e p i,,ramirez_dicionario_2001,,
Kabiyari-63_night-1,,Kabiyari,63_night,néápi,néápi,n é/e á/a p i,,Chacon2017,,
Piapoco-63_night-1,,Piapoco,63_night,catá,katá,k a t á/a,,Chacon2017,,
Resigaro-63_night-1,,Resigaro,63_night,naapí,naapí,n aa p í/i,,Chacon2017,,
Yukuna-63_night-1,,Yukuna,63_night,lapí,lapí,l a p í/i,,Chacon2017,,
Achagua-64_nose-1,,Achagua,64_nose,dákuʃi,dakuʃi,d a k u ʃ i,,melendez_lozano_diccionario_2011,,
Baniwa-64_nose-1,,Baniwa,64_nose,-hitáko,-hitáko,h i t á/a k o,,ramirez_dicionario_2001,,
Kabiyari-64_nose-1,,Kabiyari,64_nose,hitákú,hitákú,h i t á/a k ú/u,,Chacon2017,,
Piapoco-64_nose-1,,Piapoco,64_nose,ídacu,ídaku,í/i d a k u,,Chacon2017,,
Resigaro-64_nose-1,,Resigaro,64_nose,-hitákó,-hitákó,h i t á/a k ó/o,,allin_vocabulario_1979,,
Yukuna-64_nose-1,,Yukuna,64_nose,takuji,takuhi,t a k u h i,,Chacon2017,,
Achagua-65_not-1,,Achagua,65_not,ma-,ma-,m a,,ramirez_dicionario_2001,,
Achagua-65_not-2,,Achagua,65_not,hookai,hookai,h oo k a i,,ramirez_dicionario_2001,,
Baniwa-65_not-1,,Baniwa,65_not,ma-,ma-,m a,,ramirez_dicionario_2001,,
Baniwa-65_not-2,,Baniwa,65_not,ñáme,ñáme,ñ á/a m e,,ramirez_dicionario_2001,,
Kabiyari-65_not-1,,Kabiyari,65_not,uka,uka,u k a,,Chacon2017,,
Piapoco-65_not-1,,Piapoco,65_not,càmita,kàmita,k à/a m i t a,,Chacon2017,,
Resigaro-65_not-1,,Resigaro,65_not,nii,nii,n ii,,ramirez_dicionario_2001,,
Resigaro-65_not-2,,Resigaro,65_not,ma-,ma-,m a,,ramirez_dicionario_2001,,
Tariana-65_not-1,,Tariana,65_not,ma-,ma-,m a,,ramirez_dicionario_2001,,
Yukuna-65_not-1,,Yukuna,65_not,unká,unká,u n k á/a,,Chacon2017,,
Warekena-65_not-1,,Warekena,65_not,ma-,ma-,m a,,ramirez_dicionario_2001,,
Warekena-65_not-2,,Warekena,65_not,nalé,nalé,n a l é/e,,ramirez_dicionario_2001,,
Achagua-66_one-1,,Achagua,66_one,áabai,a:bai,a: b a i,,melendez_lozano_diccionario_2011,,
Baniwa-66_one-1,,Baniwa,66_one,a(a)pa-,a(a)pa-,a a p a,,ramirez_dicionario_2001,,
Kabiyari-66_one-1,,Kabiyari,66_one,pa[pu],pa[pu],p a p u,,Chacon2017,,
Piapoco-66_one-1,,Piapoco,66_one,ab[ì-],ab[ì-],a b ì/i,,Chacon2017,,
Piapoco-66_one-2,,Piapoco,66_one,abe,abe,a b e,,Chacon2017,,
Resigaro-66_one-1,,Resigaro,66_one,pa[topʰe],pa[topʰe],p a t o pʰ e,,Chacon2017,,
Resigaro-66_one-2,,Resigaro,66_one,sagú,sagú,s a g ú/u,,Chacon2017,,
Yukuna-66_one-1,,Yukuna,66_one,pajluwa,pa(hluwáha),p a h l u w á/a h a,,Chacon2017,,
Achagua-67_path-1,,Achagua,67_path,iníhibaa,inihiba:,i n i h i b a:,,melendez_lozano_diccionario_2011,,
Baniwa-67_path-1,,Baniwa,67_path,inípo,inípo,i n í/i p o,,ramirez_dicionario_2001,,
Baniwa-67_path-2,,Baniwa,67_path,-aapówa,-aapówa,aa p ó/o w a,,ramirez_dicionario_2001,,
Baniwa-67_path-3,,Baniwa,67_path,-aapowánaa,-aapowánaa,aa p o w á/a n aa,,ramirez_dicionario_2001,,
Kabiyari-67_path-1,,Kabiyari,67_path,apú-há,apú-há,a p ú/u h á/a,,Chacon2017,,
Kabiyari-67_path-2,,Kabiyari,67_path,jóopu,jóopu,j ó/o o p u,,Chacon2017,,
Kabiyari-67_path-3,,Kabiyari,67_path,ajápú,ajápú,a j á/a p ú/u,,Chacon2017,,
Piapoco-67_path-1,,Piapoco,67_path,àyapu,àjapu,à/a j a p u,,Chacon2017,,
Resigaro-67_path-1,,Resigaro,67_path,aǰápó,adʒápó,a dʒ á/a p ó/o,,Chacon2017,,
Resigaro-67_path-2,,Resigaro,67_path,éhuúhí,éhuúhí,é/e h u ú/u h í/i,,Chacon2017,,
Yukuna-67_path-1,,Yukuna,67_path,iñe'epú,iñe'epú,i ñ e ʔ e p ú/u,,schauer_diccionario_2005,,
Achagua-68_person-1,,Achagua,68_person,wenàiwica,wenàiwika,w e n à/a i w i k a,,Chacon2017,,
Baniwa-68_person-1,,Baniwa,68_person,newíki,newíki,n e w í/i k i,,ramirez_dicionario_2001,,
Kabiyari-68_person-1,,Kabiyari,68_person,néki-ri,néki-ɾi,n é/e k i ɾ i,,Chacon2017,,
Piapoco-68_person-1,,Piapoco,68_person,wenàiwica,wenàiwika,w e n à/a i w i k a,,Chacon2017,,
Resigaro-68_person-1,,Resigaro,68_person,ináavi?žaánigí,ináaviʔʒaánigí,i n á/a a v i ʔ ʒ a á/a n i g í/i,,Chacon2017,,
Yukuna-68_person-1,,Yukuna,68_person,ina'uké,ina'uké,i n a ʔ u k é/e,,Chacon2017,,
Achagua-69_rain-1,,Achagua,69_rain,júweriu,júweriu,j ú/u w e r i u,,melendez_lozano_diccionario_2011,,
Baniwa-69_rain-1,,Baniwa,69_rain,íidza,íidza,í/i i dz a,,ramirez_dicionario_2001,,
Kabiyari-69_rain-1,,Kabiyari,69_rain,peʔekhe,peʔekhe,p e ʔ e kʰ e,,Chacon2017,,
Kabiyari-69_rain-2,,Kabiyari,69_rain,pehe,pehe,p e h e,,Chacon2017,,
Piapoco-69_rain-1,,Piapoco,69_rain,unía,unía,u n í/i a,,Chacon2017,,
Resigaro-69_rain-1,,Resigaro,69_rain,fá?voótsí,fá?voótsí,f á/a ʔ v o ó/o ts í/i,,Chacon2017,,
Yukuna-69_rain-1,,Yukuna,69_rain,juni,huni,h u n i,,Chacon2017,,
Achagua-70_red-1,,Achagua,70_red,kírai,kírai,k í/i r a i,,melendez_lozano_diccionario_2011,,
Baniwa-70_red-1,,Baniwa,70_red,iirai,iirai,ii r a i,,ramirez_dicionario_2001,,
Baniwa-70_red-2,,Baniwa,70_red,kéerama,kéerama,k é/e e r a m a,,ramirez_dicionario_2001,,
Kabiyari-70_red-1,,Kabiyari,70_red,kíira,kíira,k í/i i r a,,Chacon2017,,
Piapoco-70_red-1,,Piapoco,70_red,quíiraca,kí:ɾaka,k í:/iː ɾ a k a,,Chacon2017,,
Resigaro-70_red-1,,Resigaro,70_red,kedávií́?,kedávií́ʔ,k e d á/a v i í/i ʔ,,Chacon2017,,
Yukuna-70_red-1,,Yukuna,70_red,kerani,keɾani,k e ɾ a n i,,Chacon2017,,
Achagua-71_root-1,,Achagua,71_root,híitʃuʃi,híitʃuʃi,h í/i i tʃ u ʃ i,,melendez_lozano_diccionario_2011,,
Baniwa-71_root-1,,Baniwa,71_root,-pali,-pali,p a l i,,ramirez_dicionario_2001,,
Kabiyari-71_root-1,,Kabiyari,71_root,apáre,apáre,a p á/a r e,,Chacon2017,,
Piapoco-71_root-1,,Piapoco,71_root,ipìchu,ipìtʃu,i p ì/i tʃ u,,Chacon2017,,
Resigaro-71_root-1,,Resigaro,71_root,tébaké,tébaké,t é/e b a k é/e,,Chacon2017,,
Yukuna-71_root-1,,Yukuna,71_root,ji'ilaji,hiʔilahi,h i ʔ i l a h i,,Chacon2017,,
Warekena-71_root-1,,Warekena,71_root,-ili,-ili,i l i,,ramirez_dicionario_2001,,
Achagua-72_round-1,,Achagua,72_round,maka,maka,m a k a,,ramirez_dicionario_2001,,
Baniwa-72_round-1,,Baniwa,72_round,madzakánhu,madzakánhu,m a dz a k á/a ɲ u,,ramirez_dicionario_2001,,
Kabiyari-72_round-1,,Kabiyari,72_round,paβuudú,paβuudú,p a β uu d ú/u,,huber_vocabulario_1991,,
Resigaro-72_round-1,,Resigaro,72_round,pavuudu,pavuudu,p a v uu d u,,ramirez_dicionario_2001,,
Achagua-73_sand-1,,Achagua,73_sand,káina,káina,k á/a i n a,,melendez_lozano_diccionario_2011,,
Baniwa-73_sand-1,,Baniwa,73_sand,káida,káida,k á/a i d a,,ramirez_dicionario_2001,,
Kabiyari-73_sand-1,,Kabiyari,73_sand,káʔa,káʔa,k á/a ʔ a,,Chacon2017,,
Piapoco-73_sand-1,,Piapoco,73_sand,kai[na],kai[na],k a i n a,,Chacon2017,,
Resigaro-73_sand-1,,Resigaro,73_sand,meníigí,meníigí,m e n í/i i g í/i,,allin_vocabulario_1979,,
Yukuna-73_sand-1,,Yukuna,73_sand,ke'epé,keʔ-pé,k e ʔ p é/e,,Chacon2017,,
Achagua-74_say-1,,Achagua,74_say,máiri,máiri,m á/a i r i,,melendez_lozano_diccionario_2011,,
Baniwa-74_say-1,,Baniwa,74_say,-kaíte,-kaíte,k a í/i t e,,ramirez_dicionario_2001,,
Kabiyari-74_say-1,,Kabiyari,74_say,íma,íma,í/i m a,,Chacon2017,,
Piapoco-74_say-1,,Piapoco,74_say,íma,íma,í/i m a,,Chacon2017,,
Resigaro-74_say-1,,Resigaro,74_say,-kemú,-kemú,k e m ú/u,,allin_vocabulario_1979,,
Yukuna-74_say-1,,Yukuna,74_say,mí-,mí-,m í/i,,Chacon2017,,
Warekena-74_say-1,,Warekena,74_say,-máka,-máka,m á/a k a,,ramirez_dicionario_2001,,
Warekena-74_say-2,,Warekena,74_say,-kasaléta,-kasaléta,k a s a l é/e t a,,ramirez_dicionario_2001,,
Achagua-75_see-1,,Achagua,75_see,káberi,káberi,k á/a b e r i,,melendez_lozano_diccionario_2011,,
Baniwa-75_see-1,,Baniwa,75_see,-kápa,-kápa,k á/a p a,,ramirez_dicionario_2001,,
Kabiyari-75_see-1,,Kabiyari,75_see,ikhá,ikhá,i kʰ á/a,,Chacon2017,,
Piapoco-75_see-1,,Piapoco,75_see,icáca,ikáka,i k á/a k a,,Chacon2017,,
Resigaro-75_see-1,,Resigaro,75_see,-tshení,-tshení,tsʰ e n í/i,,huber_vocabulario_1991,,
Yukuna-75_see-1,,Yukuna,75_see,amákaje,amákahe,a m á/a k a h e,,Chacon2017,,
Achagua-76_seed-1,,Achagua,76_seed,íimiʃi,íimiʃi,í/i i m i ʃ i,,melendez_lozano_diccionario_2011,,
Baniwa-76_seed-1,,Baniwa,76_seed,-éekhe,-éekhe,é/e e kʰ e,,ramirez_dicionario_2001,,
Kabiyari-76_seed-1,,Kabiyari,76_seed,(ka ka)kitjihe,(ka ka)kitjihe,k a + k a k i t j i h e,,huber_vocabulario_1991,,
Resigaro-76_seed-1,,Resigaro,76_seed,hímiú,hímiú,h í/i m i ú/u,,allin_vocabulario_1979,,
Yukuna-76_seed-1,,Yukuna,76_seed,ijiji,ijiji,i j i j i,,schauer_diccionario_2005,,
Warekena-76_seed-1,,Warekena,76_seed,-ihina,-ihina,i h i n a,,ramirez_dicionario_2001,,
Achagua-77_sit-1,,Achagua,77_sit,wáairiu,wáairiu,w á/a a i r i u,,melendez_lozano_diccionario_2011,,
Baniwa-77_sit-1,,Baniwa,77_sit,-oówhaa,-oówhaa,o ó/o w h aa,,ramirez_dicionario_2001,,
Kabiyari-77_sit-1,,Kabiyari,77_sit,tu(')na,tu(')na,t u ʔ n a,,Chacon2017,,
Piapoco-77_sit-1,,Piapoco,77_sit,awinacawa,awinakawa,a w i n a k a w a,,Chacon2017,,
Resigaro-77_sit-1,,Resigaro,77_sit,ítshú,ítsʰú,í/i tsʰ ú/u,,Chacon2017,,
Resigaro-77_sit-2,,Resigaro,77_sit,i?tsháká,iʔtsʰáká,i ʔ tsʰ á/a k á/a,,Chacon2017,,
Yukuna-77_sit-1,,Yukuna,77_sit,yá'akajo,jáʔakaho,j á/a ʔ a k a h o,,Chacon2017,,
Yukuna-77_sit-2,,Yukuna,77_sit,yá'akaje,yá'akaje,y á/a ʔ a k a j e,,Chacon2017,,
Achagua-78_skin-1,,Achagua,78_skin,íimanaʃi,íimanaʃi,í/i i m a n a ʃ i,,melendez_lozano_diccionario_2011,,
Baniwa-78_skin-1,,Baniwa,78_skin,-ya,-ya,y a,,ramirez_dicionario_2001,,
Kabiyari-78_skin-1,,Kabiyari,78_skin,íʔa-mi,íʔa-mi,í/i ʔ a m i,,Chacon2017,,
Piapoco-78_skin-1,,Piapoco,78_skin,ímami,ímami,í/i m a m i,,Chacon2017,,
Resigaro-78_skin-1,,Resigaro,78_skin,eémú,eémú,e é/e m ú/u,,Chacon2017,,
Yukuna-78_skin-1,,Yukuna,78_skin,ímaji,ímahi,í/i m a h i,,Chacon2017,,
Achagua-79_sleep-1,,Achagua,79_sleep,máairi,máairi,m á/a a i r i,,melendez_lozano_diccionario_2011,,
Baniwa-79_sleep-1,,Baniwa,79_sleep,-ímaa,-ímaa,í/i m aa,,ramirez_dicionario_2001,,
Kabiyari-79_sleep-1,,Kabiyari,79_sleep,imáa,imáa,i m á/a a,,Chacon2017,,
Piapoco-79_sleep-1,,Piapoco,79_sleep,imáca,imáka,i m á/a k a,,Chacon2017,,
Resigaro-79_sleep-1,,Resigaro,79_sleep,ímú,ímú,í/i m ú/u,,Chacon2017,,
Yukuna-79_sleep-1,,Yukuna,79_sleep,kamátakajo,kamátakaho,k a m á/a t a k a h o,,Chacon2017,,
Achagua-80_small-1,,Achagua,80_small,píituituu,pi:tuitu:,p i: t u i t u:,,melendez_lozano_diccionario_2011,,
Baniwa-80_small-1,,Baniwa,80_small,tsúu,tsúu,ts ú/u u,,ramirez_dicionario_2001,,
Kabiyari-80_small-1,,Kabiyari,80_small,karitʃhũĩ,karitʃhũĩ,k a r i tʃʰ ũ ĩ,,Chacon2017,,
Piapoco-80_small-1,,Piapoco,80_small,achúméeri,atʃúmé:ɾi,a tʃ ú/u m é:/eː ɾ i,,Chacon2017,,
Resigaro-80_small-1,,Resigaro,80_small,karitʃhũĩ,karitʃhũĩ,k a r i tʃʰ ũ ĩ,,Chacon2017,,
Yukuna-80_small-1,,Yukuna,80_small,kamu'ujini,kamu'ujini,k a m u ʔ u j i n i,,schauer_diccionario_2005,,
Achagua-81_smoke-1,,Achagua,81_smoke,íisaninaa,íisaninaa,í/i i s a n i n aa,,melendez_lozano_diccionario_2011,,
Baniwa-81_smoke-1,,Baniwa,81_smoke,íitta,íitta,í/i i tt a,,ramirez_dicionario_2001,,
Kabiyari-81_smoke-1,,Kabiyari,81_smoke,ít̪a-ri,ít̪a-ri,í/i t̪ a r i,,Chacon2017,,
Resigaro-81_smoke-1,,Resigaro,81_smoke,iítshú,iítsʰú,i í/i tsʰ ú/u,,Chacon2017,,
Yukuna-81_smoke-1,,Yukuna,81_smoke,ija,iha,i h a,,Chacon2017,,
Achagua-82_stand-1,,Achagua,82_stand,bárueriu,barueriu,b a r u e r i u,,melendez_lozano_diccionario_2011,,
Baniwa-82_stand-1,,Baniwa,82_stand,-éema,-éema,é/e e m a,,ramirez_dicionario_2001,,
Kabiyari-82_stand-1,,Kabiyari,82_stand,patʃha,patʃha,p a tʃʰ a,,Chacon2017,,
Piapoco-82_stand-1,,Piapoco,82_stand,bàlùanícawa,bàlùanícawa,b à/a l ù/u a n í/i c a w a,,Chacon2017,,
Resigaro-82_stand-1,,Resigaro,82_stand,-i?tóṇú,-i?tóṇú,i ʔ t ó/o ṇ ú/u,,huber_vocabulario_1991,,
Yukuna-82_stand-1,,Yukuna,82_stand,tára'akajo,tára'akajo,t á/a r a ʔ a k a j o,,schauer_diccionario_2005,,
Achagua-83_star-1,,Achagua,83_star,sáalii,sáalii,s á/a a l ii,,melendez_lozano_diccionario_2011,,
Baniwa-83_star-1,,Baniwa,83_star,hiwírhi,hiwírhi,h i w í/i rʰ i,,ramirez_dicionario_2001,,
Kabiyari-83_star-1,,Kabiyari,83_star,wirínhu,wirínhu,w i r í/i ɲ u,,Chacon2017,,
Piapoco-83_star-1,,Piapoco,83_star,dùlupùta,dùlupùta,d ù/u l u p ù/u t a,,Chacon2017,,
Resigaro-83_star-1,,Resigaro,83_star,hivíigí,hivíigí,h i v í/i i g í/i,,Chacon2017,,
Yukuna-83_star-1,,Yukuna,83_star,iwijrí,iwihɾí,i w i h ɾ í/i,,Chacon2017,,
Achagua-84_stone-1,,Achagua,84_stone,íiba,íiba,í/i i b a,,melendez_lozano_diccionario_2011,,
Baniwa-84_stone-1,,Baniwa,84_stone,hiipada,hiipada,h ii p a d a,,ramirez_dicionario_2001,,
Kabiyari-84_stone-1,,Kabiyari,84_stone,híipa,híipa,h í/i i p a,,Chacon2017,,
Piapoco-84_stone-1,,Piapoco,84_stone,íba,íba,í/i b a,,Chacon2017,,
Resigaro-84_stone-1,,Resigaro,84_stone,vííši?óú,vííši?óú,v íí/iː ʃ i ʔ ó/o ú/u,,allin_vocabulario_1979,,
Yukuna-84_stone-1,,Yukuna,84_stone,jipa,hipa,h i p a,,Chacon2017,,
Achagua-85_sun-1,,Achagua,85_sun,káiwia,káiwia,k á/a i w i a,,melendez_lozano_diccionario_2011,,
Baniwa-85_sun-1,,Baniwa,85_sun,kámoi,kámoi,k á/a m o i,,ramirez_dicionario_2001,,
Kabiyari-85_sun-1,,Kabiyari,85_sun,abe,abe,a b e,,Chacon2017,,
Kabiyari-85_sun-2,,Kabiyari,85_sun,eri,eri,e r i,,Chacon2017,,
Piapoco-85_sun-1,,Piapoco,85_sun,èeri,èeri,è/e e r i,,Chacon2017,,
Resigaro-85_sun-1,,Resigaro,85_sun,há?í,háʔí,h á/a ʔ í/i,,Chacon2017,,
Yukuna-85_sun-1,,Yukuna,85_sun,kamú,kamú,k a m ú/u,,Chacon2017,,
Achagua-86_swim-1,,Achagua,86_swim,jámareriu,jámareriu,j á/a m a r e r i u,,melendez_lozano_diccionario_2011,,
Baniwa-86_swim-1,,Baniwa,86_swim,-aaxaa,-aaxaa,aa ʃ aa,,ramirez_dicionario_2001,,
Baniwa-86_swim-2,,Baniwa,86_swim,-aanhi,-aanhi,aa ɲ i,,ramirez_dicionario_2001,,
Kabiyari-86_swim-1,,Kabiyari,86_swim,awápa,awápa,a w á/a p a,,Chacon2017,,
Piapoco-86_swim-1,,Piapoco,86_swim,màlacawa,màlakawa,m à/a l a k a w a,,Chacon2017,,
Resigaro-86_swim-1,,Resigaro,86_swim,o?vápú,oʔvápú,o ʔ v á/a p ú/u,,Chacon2017,,
Yukuna-86_swim-1,,Yukuna,86_swim,i'iwapakaje,iʔiwapakahe,i ʔ i w a p a k a h e,,Chacon2017,,
Achagua-87_tail-1,,Achagua,87_tail,íiʃiʃi,íiʃiʃi,í/i i ʃ i ʃ i,,melendez_lozano_diccionario_2011,,
Baniwa-87_tail-1,,Baniwa,87_tail,-iittípi,-iittípi,ii tt í/i p i,,ramirez_dicionario_2001,,
Kabiyari-87_tail-1,,Kabiyari,87_tail,t̪ipi,t̪ipi,t̪ i p i,,Chacon2017,,
Kabiyari-87_tail-2,,Kabiyari,87_tail,muuku,muuku,m uu k u,,Chacon2017,,
Piapoco-87_tail-1,,Piapoco,87_tail,yàapusài,jàapusài,j à/a a p u s à/a i,,Chacon2017,,
Resigaro-87_tail-1,,Resigaro,87_tail,tshíipí,tsʰíipí,tsʰ í/i i p í/i,,Chacon2017,,
Tariana-87_tail-1,,Tariana,87_tail,di-číma,di-tʃíma,d i tʃ í/i m a,,Chacon2017,,
Tariana-87_tail-2,,Tariana,87_tail,di-sipí,di-sipí,d i s i p í/i,,Chacon2017,,
Yukuna-87_tail-1,,Yukuna,87_tail,jipiji,hipihi,h i p i h i,,Chacon2017,,
Achagua-88_that-1,,Achagua,88_that,liára,liára,l i á/a r a,,melendez_lozano_diccionario_2011,,
Achagua-88_that-2,,Achagua,88_that,ruára,ruára,r u á/a r a,,melendez_lozano_diccionario_2011,,
Baniwa-88_that-1,,Baniwa,88_that,lhiera(ha),lhiera(ha),ʎ i e r a h a,,ramirez_dicionario_2001,,
Kabiyari-88_that-1,,Kabiyari,88_that,ja-ta,ja-ta,j a t a,,Chacon2017,,
Kabiyari-88_that-2,,Kabiyari,88_that,ja-ra,ja-ra,j a r a,,Chacon2017,,
Piapoco-88_that-1,,Piapoco,88_that,yáara,já:ɾa,j á:/aː ɾ a,,Chacon2017,,
Resigaro-88_that-1,,Resigaro,88_that,aí,aí,a í/i,,Chacon2017,,
Yukuna-88_that-1,,Yukuna,88_that,marí,maɾí,m a ɾ í/i,,Chacon2017,,
Warekena-88_that-1,,Warekena,88_that,-la,-la,l a,,ramirez_dicionario_2001,,
Warekena-88_that-2,,Warekena,88_that,-di,-di,d i,,ramirez_dicionario_2001,,
Warekena-88_that-3,,Warekena,88_that,-ni,-ni,n i,,ramirez_dicionario_2001,,
Achagua-89_this-1,,Achagua,89_this,liáni,liáni,l i á/a n i,,melendez_lozano_diccionario_2011,,
Achagua-89_this-2,,Achagua,89_this,ruani,ruani,r u a n i,,melendez_lozano_diccionario_2011,,
Achagua-89_this-3,,Achagua,89_this,náani,náani,n á/a a n i,,melendez_lozano_diccionario_2011,,
Baniwa-89_this-1,,Baniwa,89_this,Ihíehe,Ihíehe,ɪ h í/i e h e,,ramirez_dicionario_2001,,
Kabiyari-89_this-1,,Kabiyari,89_this,do?ó,do?ó,d o ʔ ó/o,,Chacon2017,,
Piapoco-89_this-1,,Piapoco,89_this,yái,jái,j á/a i,,Chacon2017,,
Piapoco-89_this-2,,Piapoco,89_this,úái,úái,ú/u á/a i,,Chacon2017,,
Resigaro-89_this-1,,Resigaro,89_this,gi?í,gi?í,g i ʔ í/i,,Chacon2017,,
Resigaro-89_this-2,,Resigaro,89_this,do?ó,doʔó,d o ʔ ó/o,,Chacon2017,,
Tariana-89_this-1,,Tariana,89_this,hĩ,hĩ,h ĩ,,Chacon2017,,
Yukuna-89_this-1,,Yukuna,89_this,kele,kele,k e l e,,Chacon2017,,
Warekena-89_this-1,,Warekena,89_this,-ti,-ti,t i,,ramirez_dicionario_2001,,
Achagua-90_thouyou-1,,Achagua,90_thouyou,ijá,ijá,i j á/a,,melendez_lozano_diccionario_2011,,
Baniwa-90_thouyou-1,,Baniwa,90_thouyou,hía,hía,h í/i a,,ramirez_dicionario_2001,,
Baniwa-90_thouyou-2,,Baniwa,90_thouyou,você,você,v o c ê/e,,ramirez_dicionario_2001,,
Kabiyari-90_thouyou-1,,Kabiyari,90_thouyou,phé,phé,pʰ é/e,,Chacon2017,,
Kabiyari-90_thouyou-2,,Kabiyari,90_thouyou,pi-,pi-,p i,,Chacon2017,,
Piapoco-90_thouyou-1,,Piapoco,90_thouyou,pía,pía,p í/i a,,Chacon2017,,
Resigaro-90_thouyou-1,,Resigaro,90_thouyou,ha?,haʔá,h a ʔ á/a,,Chacon2017,,
Resigaro-90_thouyou-2,,Resigaro,90_thouyou,phá,pʰá,pʰ á/a,,Chacon2017,,
Resigaro-90_thouyou-3,,Resigaro,90_thouyou,phú,pʰú,pʰ ú/u,,Chacon2017,,
Tariana-90_thouyou-1,,Tariana,90_thouyou,piha,piha,p i h a,,Chacon2017,,
Tariana-90_thouyou-2,,Tariana,90_thouyou,piha,pʰia,pʰ i a,,Chacon2017,,
Tariana-90_thouyou-3,,Tariana,90_thouyou,iha,iha,i h a,,Chacon2017,,
Yukuna-90_thouyou-1,,Yukuna,90_thouyou,iká,iká,i k á/a,,Chacon2017,,
Yukuna-90_thouyou-2,,Yukuna,90_thouyou,piká,piká,p i k á/a,,Chacon2017,,
Achagua-91_tongue-1,,Achagua,91_tongue,ínaneeʃi,ínaneeʃi,í/i n a n ee ʃ i,,melendez_lozano_diccionario_2011,,
Baniwa-91_tongue-1,,Baniwa,91_tongue,-eenene,-eenene,ee n e n e,,ramirez_dicionario_2001,,
Kabiyari-91_tongue-1,,Kabiyari,91_tongue,nenipá,nenipá,n e n i p á/a,,Chacon2017,,
Piapoco-91_tongue-1,,Piapoco,91_tongue,nène,nène,n è/e n e,,Chacon2017,,
Resigaro-91_tongue-1,,Resigaro,91_tongue,e?héepé,eʔhéepé,e ʔ h é/e e p é/e,,Chacon2017,,
Yukuna-91_tongue-1,,Yukuna,91_tongue,lenaji,lenahi,l e n a h i,,Chacon2017,,
Achagua-92_tooth-1,,Achagua,92_tooth,éeʃi,éeʃi,é/e e ʃ i,,melendez_lozano_diccionario_2011,,
Baniwa-92_tooth-1,,Baniwa,92_tooth,-eetsha,-eetsha,ee tsʰ a,,ramirez_dicionario_2001,,
Baniwa-92_tooth-2,,Baniwa,92_tooth,-dzawiere,-dzawiere,dz a w i e r e,,ramirez_dicionario_2001,,
Baniwa-92_tooth-3,,Baniwa,92_tooth,-ee,-ee,ee,,ramirez_dicionario_2001,,
Baniwa-92_tooth-4,,Baniwa,92_tooth,-kako,-kako,k a k o,,ramirez_dicionario_2001,,
Baniwa-92_tooth-5,,Baniwa,92_tooth,-likoe,-likoe,l i k o e,,ramirez_dicionario_2001,,
Kabiyari-92_tooth-1,,Kabiyari,92_tooth,ʔía,ʔía,ʔ í/i a,,Chacon2017,,
Piapoco-92_tooth-1,,Piapoco,92_tooth,yèi,jèi,j è/e i,,Chacon2017,,
Resigaro-92_tooth-1,,Resigaro,92_tooth,oné,oné,o n é/e,,Chacon2017,,
Yukuna-92_tooth-1,,Yukuna,92_tooth,aijí,aihí,a i h í/i,,Chacon2017,,
Achagua-93_treewood-1,,Achagua,93_treewood,áikuba,áikuba,á/a i k u b a,,melendez_lozano_diccionario_2011,,
Baniwa-93_treewood-1,,Baniwa,93_treewood,haiko,haiko,h a i k o,,ramirez_dicionario_2001,,
Kabiyari-93_treewood-1,,Kabiyari,93_treewood,ʔahaa,ʔahaa,ʔ a h aa,,Chacon2017,,
Piapoco-93_treewood-1,,Piapoco,93_treewood,jéetaná,jéetaná,j é/e e t a n á/a,,Chacon2017,,
Piapoco-93_treewood-2,,Piapoco,93_treewood,àiku,àiku,à/a i k u,,Chacon2017,,
Resigaro-93_treewood-1,,Resigaro,93_treewood,aváana?é,aváanaʔé,a v á/a a n a ʔ é/e,,Chacon2017,,
Yukuna-93_treewood-1,,Yukuna,93_treewood,a'awaná,aʔawaná,a ʔ a w a n á/a,,Chacon2017,,
Achagua-94_two-1,,Achagua,94_two,tʃámai,tʃámai,tʃ á/a m a i,,melendez_lozano_diccionario_2011,,
Baniwa-94_two-1,,Baniwa,94_two,dzama-,dzama-,dz a m a,,ramirez_dicionario_2001,,
Kabiyari-94_two-1,,Kabiyari,94_two,tʃumaa-,tʃumaa-,tʃ u m aa,,Chacon2017,,
Piapoco-94_two-1,,Piapoco,94_two,pucháiba,putʃáiba,p u tʃ á/a i b a,,Chacon2017,,
Resigaro-94_two-1,,Resigaro,94_two,migaakú,migaakú,m i g aa k ú/u,,Chacon2017,,
Yukuna-94_two-1,,Yukuna,94_two,iyamá,ijamá,i j a m á/a,,Chacon2017,,
Warekena-94_two-1,,Warekena,94_two,dama-,dama-,d a m a,,ramirez_dicionario_2001,,
Achagua-95_walk-1,,Achagua,95_walk,híneriu,híneriu,h í/i n e r i u,,melendez_lozano_diccionario_2011,,
Baniwa-95_walk-1,,Baniwa,95_walk,-áanhi,-áanhi,á/a a ɲ i,,ramirez_dicionario_2001,,
Baniwa-95_walk-2,,Baniwa,95_walk,-eemánhi,-eemánhi,ee m á/a ɲ i,,ramirez_dicionario_2001,,
Kabiyari-95_walk-1,,Kabiyari,95_walk,aa,aa,aa,,Chacon2017,,
Piapoco-95_walk-1,,Piapoco,95_walk,nuèpunícawa,nuèpuníkawa,n u è/e p u n í/i k a w a,,Chacon2017,,
Resigaro-95_walk-1,,Resigaro,95_walk,-hí?vu,-hí?vu,h í/i ʔ v u,,allin_vocabulario_1979,,
Yukuna-95_walk-1,,Yukuna,95_walk,ja'apákaje,ja'apákaje,j a ʔ a p á/a k a j e,,schauer_diccionario_2005,,
Achagua-96_water-1,,Achagua,96_water,ʃiátai,ʃiátai,ʃ i á/a t a i,,melendez_lozano_diccionario_2011,,
Baniwa-96_water-1,,Baniwa,96_water,óoni,óoni,ó/o o n i,,ramirez_dicionario_2001,,
Kabiyari-96_water-1,,Kabiyari,96_water,úuni,úuni,ú/u u n i,,Chacon2017,,
Piapoco-96_water-1,,Piapoco,96_water,ú(u)ni,ú(u)ni,ú/u u n i,,Chacon2017,,
Resigaro-96_water-1,,Resigaro,96_water,hooní,hooní,h oo n í/i,,Chacon2017,,
Yukuna-96_water-1,,Yukuna,96_water,juni,húni,h ú/u n i,,Chacon2017,,
Achagua-97_we-1,,Achagua,97_we,wajá,wajá,w a j á/a,,melendez_lozano_diccionario_2011,,
Baniwa-97_we-1,,Baniwa,97_we,whía,whía,w h í/i a,,ramirez_dicionario_2001,,
Baniwa-97_we-2,,Baniwa,97_we,wa-,wa-,w a,,ramirez_dicionario_2001,,
Kabiyari-97_we-1,,Kabiyari,97_we,whé,whé,w h é/e,,Chacon2017,,
Kabiyari-97_we-2,,Kabiyari,97_we,wa-,wa-,w a,,Chacon2017,,
Piapoco-97_we-1,,Piapoco,97_we,wía,wía,w í/i a,,Chacon2017,,
Resigaro-97_we-1,,Resigaro,97_we,muu?á,muuʔá,m uu ʔ á/a,,Chacon2017,,
Resigaro-97_we-2,,Resigaro,97_we,fa?á,faʔá,f a ʔ á/a,,Chacon2017,,
Tariana-97_we-1,,Tariana,97_we,w(a)ha,w(a)ha,w a h a,,Chacon2017,,
Yukuna-97_we-1,,Yukuna,97_we,weká,weká,w e k á/a,,Chacon2017,,
Yukuna-97_we-2,,Yukuna,97_we,weká,weká,w e k á/a,,Chacon2017,,
Warekena-97_we-1,,Warekena,97_we,wa-,wa-,w a,,ramirez_dicionario_2001,,
Warekena-97_we-2,,Warekena,97_we,-wi,-wi,w i,,ramirez_dicionario_2001,,
Achagua-98_what-1,,Achagua,98_what,tána,tána,t á/a n a,,melendez_lozano_diccionario_2011,,
Baniwa-98_what-1,,Baniwa,98_what,kôaka?,kôaka?,k ô/o a k a ʔ,,ramirez_dicionario_2001,,
Kabiyari-98_what-1,,Kabiyari,98_what,mikha,mikha,m i kʰ a,,Chacon2017,,
Kabiyari-98_what-2,,Kabiyari,98_what,arhi,arhi,a rʰ i,,Chacon2017,,
Kabiyari-98_what-3,,Kabiyari,98_what,umha,umha,u mʰ a,,Chacon2017,,
Piapoco-98_what-1,,Piapoco,98_what,càiná,kàiná,k à/a i n á/a,,Chacon2017,,
Piapoco-98_what-2,,Piapoco,98_what,cawiná,kawiná,+ k a w i n á/a,,Chacon2017,,
Resigaro-98_what-1,,Resigaro,98_what,keeni,keeni,k ee n i,,ramirez_dicionario_2001,,
Resigaro-98_what-2,,Resigaro,98_what,kooni,kooni,k oo n i,,ramirez_dicionario_2001,,
Yukuna-98_what-1,,Yukuna,98_what,na,na,n a,,Chacon2017,,
Achagua-99_white-1,,Achagua,99_white,kabálai,kabálai,k a b á/a l a i,,melendez_lozano_diccionario_2011,,
Baniwa-99_white-1,,Baniwa,99_white,hále,hále,h á/a l e,,ramirez_dicionario_2001,,
Baniwa-99_white-2,,Baniwa,99_white,yalanawi,yalanawi,y a l a n a w i,,ramirez_dicionario_2001,,
Kabiyari-99_white-1,,Kabiyari,99_white,katare:i-ri,katare:i-ri,k a t a r e: i r i,,Chacon2017,,
Kabiyari-99_white-2,,Kabiyari,99_white,jarane,jarane,j a r a n e,,Chacon2017,,
Piapoco-99_white-1,,Piapoco,99_white,cabalèeri,kabalèeɾi,k a b a l è/e e ɾ i,,Chacon2017,,
Yukuna-99_white-1,,Yukuna,99_white,jareni,jareni,j a r e n i,,schauer_diccionario_2005,,
Achagua-100_who-1,,Achagua,100_who,tána,tána,t á/a n a,,melendez_lozano_diccionario_2011,,
Baniwa-100_who-1,,Baniwa,100_who,kóaka,kóaka,k ó/o a k a,,ramirez_dicionario_2001,,
Kabiyari-100_who-1,,Kabiyari,100_who,mikha,mikha,m i kʰ a,,Chacon2017,,
Kabiyari-100_who-2,,Kabiyari,100_who,arhi,arhi,a rʰ i,,Chacon2017,,
Kabiyari-100_who-3,,Kabiyari,100_who,umha,umha,u mʰ a,,Chacon2017,,
Piapoco-100_who-1,,Piapoco,100_who,càiná,kàiná,k à/a i n á/a,,Chacon2017,,
Piapoco-100_who-2,,Piapoco,100_who,cawiná,kawiná,k a w i n á/a,,Chacon2017,,
Resigaro-100_who-1,,Resigaro,100_who,kéení,kéení,k é/e e n í/i,,huber_vocabulario_1991,,
Tariana-100_who-1,,Tariana,100_who,kwana,kwana,k w a n a,,Chacon2017,,
Yukuna-100_who-1,,Yukuna,100_who,najlo,nahlo,n a h l o,,Chacon2017,,
Achagua-101_woman-1,,Achagua,101_woman,íinetoo,íinetoo,í/i i n e t oo,,melendez_lozano_diccionario_2011,,
Achagua-101_woman-2,,Achagua,101_woman,íina,íina,í/i i n a,,melendez_lozano_diccionario_2011,,
Baniwa-101_woman-1,,Baniwa,101_woman,íinaro,íinaro,í/i i n a r o,,ramirez_dicionario_2001,,
Kabiyari-101_woman-1,,Kabiyari,101_woman,nanáwí,nanáwí,n a n á/a w í/i,,Chacon2017,,
Piapoco-101_woman-1,,Piapoco,101_woman,inanái,inanái,i n a n á/a i,,Chacon2017,,
Resigaro-101_woman-1,,Resigaro,101_woman,ináadó,ináadó,i n á/a a d ó/o,,Chacon2017,,
Yukuna-101_woman-1,,Yukuna,101_woman,inanaru,inanaɾu,i n a n a ɾ u,,Chacon2017,,
Achagua-102_yellow-1,,Achagua,102_yellow,meréekii,mereekii,m e r ee k ii,,melendez_lozano_diccionario_2011,,
Baniwa-102_yellow-1,,Baniwa,102_yellow,éewa,éewa,é/e e w a,,ramirez_dicionario_2001,,
Kabiyari-102_yellow-1,,Kabiyari,102_yellow,karawa-ri,karawa-ri,k a r a w a r i,,Chacon2017,,
Piapoco-102_yellow-1,,Piapoco,102_yellow,é(e)wa,é(e)wa,é/e e w a,,Chacon2017,,
Piapoco-102_yellow-2,,Piapoco,102_yellow,éewéeri,é:wé:ɾi,é:/eː w é:/eː ɾ i,,Chacon2017,,
Resigaro-102_yellow-1,,Resigaro,102_yellow,dogíiga?é?,dogíigaʔéʔ,d o g í/i i g a ʔ é/e ʔ,,Chacon2017,,
Yukuna-102_yellow-1,,Yukuna,102_yellow,jewani,jewani,j e w a n i,,schauer_diccionario_2005,,
